,Product ID,Active (0/1),Name *,"Categories (x,y,z...)",Price tax included,Tax rules ID,Wholesale price,On sale (0/1),Discount amount,Discount percent,Discount from (yyyy-mm-dd),Discount to (yyyy-mm-dd),Reference #,Supplier reference #,Supplier,Manufacturer,EAN13,UPC,Ecotax,Width,Height,Depth,Weight,Quantity,Minimal quantity,Low stock level,Visibility,Additional shipping cost,Unity,Unit price,Short description,Description,"Tags (x,y,z...)",Meta title,Meta keywords,Meta description,URL rewritten,Text when in stock,Text when backorder allowed,"Available for order (0 = No, 1 = Yes)",Product available date,Product creation date,"Show price (0 = No, 1 = Yes)","Image URLs (x,y,z...)","Image alt texts (x,y,z...)","Delete existing images (0 = No, 1 = Yes)",Feature(Name:Value:Position),"Available online only (0 = No, 1 = Yes)",Condition,"Customizable (0 = No, 1 = Yes)","Uploadable files (0 = No, 1 = Yes)","Text fields (0 = No, 1 = Yes)",Out of stock,ID / Name of shop,Advanced stock management,Depends On Stock,Warehouse
0,900001,1,Frigoríficos combi,,999,1,,1,,,,,A01_EU01_110687,A01_EU01_110687,Cecotec,Cecotec,B0GLR52RNL,,,1,1,1,1,0,1,,,,,,,"El display Full Color proporciona un control intuitivo de las funciones del frigorífico. Con Total NoFrost, olvídate de descongelar manualmente, mientras que el Compresor Inverter Plus asegura un funcionamiento eficiente y silencioso. Las funciones Fast Freezing y Fast Cooling mantienen los alimentos frescos y nutritivos. Transforma tu cocina con el diseño innovador del Cecotec Bolero CoolSilver Combi FD BI 438 Elite D.. La tecnología Pure CoolMatrix no solo garantiza una distribución uniforme del frío, sino que también purifica el aire eliminando el 99,9% de bacterias, asegurando un ambiente saludable para tus alimentos. El CryoFreeze PAD permite una congelación eficiente, preservando la calidad de los productos. La función Ultra Fast Freezing -35ºC congela rápidamente los alimentos, manteniendo su frescura y sabor.. El sistema de iluminación premium en las bandejas proporciona una visibilidad excepcional, permitiendo ver claramente todos los alimentos sin aumentar el consumo energético. Los estantes de cristal con estructura metálica ofrecen durabilidad y estilo contemporáneo. Con el Auto Ice-Making HUB, disfruta de hielo fresco en cualquier momento de forma conveniente, gracias a su tanque de agua integrado.. Descubre el Cecotec Bolero CoolSilver Combi FD BI 438 Elite D, un frigorífico combi de puertas french door integrable premium que combina estilo y funcionalidad. Con un acabado Elite Grey, aporta elegancia y sofisticación a cualquier cocina. Su ventilación frontal-inferior permite una integración perfecta en el mobiliario, mientras que la profundidad inferior a 60cm asegura un ajuste ideal en espacios reducidos.. 8447420031849",,,,,,In Stock,,1,,,1,"https://files.plytix.com/api/v1.1/rn/public_files/pim/assets/3b/55/d9/62/62d9553be8b24d002a3f8cc2/images/f4/3d/f3/69/69f33df43611626eb6be94ea/A01_EU01_110687_Coolsilver_Combi_FD_BI_427_Elite_D_Mainimage_01.png/A01_EU01_110687_Coolsilver_Combi_FD_BI_427_Elite_D_Mainimage_01.jpg?s=1000x1000&t=JPEG,https://files.plytix.com/api/v1.1/rn/public_files/pim/assets/3b/55/d9/62/62d9553be8b24d002a3f8cc2/images/f9/3d/f3/69/69f33df921442fb771d1adc8/A01_EU01_110687_Coolsilver_Combi_FD_BI_427_Elite_D_Mainimage_05.png/A01_EU01_110687_Coolsilver_Combi_FD_BI_427_Elite_D_Mainimage_05.jpg?s=1000x1000&t=JPEG,https://files.plytix.com/api/v1.1/rn/public_files/pim/assets/3b/55/d9/62/62d9553be8b24d002a3f8cc2/images/fd/3d/f3/69/69f33dfd9809a70459474118/A01_EU01_110687_Coolsilver_Combi_FD_BI_427_Elite_D_Mainimage_02.png/A01_EU01_110687_Coolsilver_Combi_FD_BI_427_Elite_D_Mainimage_02.jpg?s=1000x1000&t=JPEG,https://files.plytix.com/api/v1.1/rn/public_files/pim/assets/3b/55/d9/62/62d9553be8b24d002a3f8cc2/images/04/3e/f3/69/69f33e04d6d50b310e86b858/A01_EU01_110687_Coolsilver_Combi_FD_BI_427_Elite_D_Mainimage_04.png/A01_EU01_110687_Coolsilver_Combi_FD_BI_427_Elite_D_Mainimage_04.jpg?s=1000x1000&t=JPEG,https://files.plytix.com/api/v1.1/rn/public_files/pim/assets/3b/55/d9/62/62d9553be8b24d002a3f8cc2/images/08/3e/f3/69/69f33e08de6ab4978cbb7b7f/A01_EU01_110687_Coolsilver_Combi_FD_BI_427_Elite_D_Mainimage_06.png/A01_EU01_110687_Coolsilver_Combi_FD_BI_427_Elite_D_Mainimage_06.jpg?s=1000x1000&t=JPEG",,0,,1,new,0,0,0,0,0,0,0,0
1,900002,1,Cascos modulares,Interior desmontable y lavable: incluye almohadillas y orejeras para una mayor higiene.,999,1,,1,,,,,A01_EU01_123718,A01_EU01_123718,Cecotec,Cecotec,B0GYND7TQ5,,,1,1,1,1,0,1,,,,,,,Visor principal antiarañazos: visión clara y duradera en todo momento. Visor solar interior ajustable en altura: protección extra frente al sol.. Calota de resina termoplástica: resistente y ligera para una protección eficaz.. Homologación ECE 22.06 con doble certificación P/J: apto para circular en modo integral o jet.. Casco modular abatible: ideal para uso urbano y en carretera.. 8447562154765,,,,,,In Stock,,1,,,1,"https://files.plytix.com/api/v1.1/rn/public_files/pim/assets/3b/55/d9/62/62d9553be8b24d002a3f8cc2/images/44/70/ef/69/69ef70444fcae523f31c83b2/A01_EU01_123718_FlexShield_Casco_motocicleta_M_MainImage_01.png/A01_EU01_123718_FlexShield_Casco_motocicleta_M_MainImage_01.jpg?s=1000x1000&t=JPEG,https://files.plytix.com/api/v1.1/rn/public_files/pim/assets/3b/55/d9/62/62d9553be8b24d002a3f8cc2/images/4a/70/ef/69/69ef704a5c171987193fb3f7/A01_EU01_123718_FlexShield_Casco_motocicleta_M_MainImage_02.png/A01_EU01_123718_FlexShield_Casco_motocicleta_M_MainImage_02.jpg?s=1000x1000&t=JPEG,https://files.plytix.com/api/v1.1/rn/public_files/pim/assets/3b/55/d9/62/62d9553be8b24d002a3f8cc2/images/51/70/ef/69/69ef7051c605343bab1933a9/A01_EU01_123718_FlexShield_Casco_motocicleta_M_MainImage_03.png/A01_EU01_123718_FlexShield_Casco_motocicleta_M_MainImage_03.jpg?s=1000x1000&t=JPEG,https://files.plytix.com/api/v1.1/rn/public_files/pim/assets/3b/55/d9/62/62d9553be8b24d002a3f8cc2/images/5b/70/ef/69/69ef705bc605343bab1933ab/A01_EU01_123718_FlexShield_Casco_motocicleta_M_MainImage_04.png/A01_EU01_123718_FlexShield_Casco_motocicleta_M_MainImage_04.jpg?s=1000x1000&t=JPEG",,0,,1,new,0,0,0,0,0,0,0,0
2,900003,1,Cascos modulares,Interior desmontable y lavable: incluye almohadillas y orejeras para una mayor higiene.,999,1,,1,,,,,A01_EU01_123719,A01_EU01_123719,Cecotec,Cecotec,B0GYNSMH3P,,,1,1,1,1,0,1,,,,,,,Visor principal antiarañazos: visión clara y duradera en todo momento. Visor solar interior ajustable en altura: protección extra frente al sol.. Calota de resina termoplástica: resistente y ligera para una protección eficaz.. Homologación ECE 22.06 con doble certificación P/J: apto para circular en modo integral o jet.. Casco modular abatible: ideal para uso urbano y en carretera.. 8447562154772,,,,,,In Stock,,1,,,1,"https://files.plytix.com/api/v1.1/rn/public_files/pim/assets/3b/55/d9/62/62d9553be8b24d002a3f8cc2/images/0f/70/ef/69/69ef700fa52a2a833772e68c/A01_EU01_123719_FlexShield_Casco_motocicleta_L_MainImage_01.png/A01_EU01_123719_FlexShield_Casco_motocicleta_L_MainImage_01.jpg?s=1000x1000&t=JPEG,https://files.plytix.com/api/v1.1/rn/public_files/pim/assets/3b/55/d9/62/62d9553be8b24d002a3f8cc2/images/13/70/ef/69/69ef70134fcae523f31c83a6/A01_EU01_123719_FlexShield_Casco_motocicleta_L_MainImage_02.png/A01_EU01_123719_FlexShield_Casco_motocicleta_L_MainImage_02.jpg?s=1000x1000&t=JPEG,https://files.plytix.com/api/v1.1/rn/public_files/pim/assets/3b/55/d9/62/62d9553be8b24d002a3f8cc2/images/1b/70/ef/69/69ef701b7a025f4c4833bcb7/A01_EU01_123719_FlexShield_Casco_motocicleta_L_MainImage_03.png/A01_EU01_123719_FlexShield_Casco_motocicleta_L_MainImage_03.jpg?s=1000x1000&t=JPEG,https://files.plytix.com/api/v1.1/rn/public_files/pim/assets/3b/55/d9/62/62d9553be8b24d002a3f8cc2/images/20/70/ef/69/69ef70201664e0ec8c1b7f3d/A01_EU01_123719_FlexShield_Casco_motocicleta_L_MainImage_04.png/A01_EU01_123719_FlexShield_Casco_motocicleta_L_MainImage_04.jpg?s=1000x1000&t=JPEG",,0,,1,new,0,0,0,0,0,0,0,0
3,900004,1,Cafeteras automáticas,"El depósito de 120 gr de café en grano hermético garantiza el mantenimiento del aroma. Depósito extraíble de agua con 1,1 litros de capacidad. Limpieza automática para mantenerla siempre a punto.",999,1,,1,,,,,A70_EU01_001459,A70_EU01_001459,Cecotec,Cecotec,B0GXKQ72SV,,,1,1,1,1,0,1,,,,,,,"Se adapta a todos los gustos, puedes personalizar y memorizar fácilmente la cantidad y la intensidad del café.. Sistema de rápido calentamiento por Thermoblock que garantiza un café perfecto en tan solo unos segundos. Incluye vaporizador para espumar la leche.. Bomba de presión de 19 bares para conseguir la mejor crema y el máximo aroma en cada café.. La cafetera superautomática compacta prepara espressos y americanos de café en grano recién molido pulsando un botón gracias al sistema Plug&Play.. 8447562421324",,,,,,In Stock,,1,,,1,"https://files.plytix.com/api/v1.1/rn/public_files/pim/assets/3b/55/d9/62/62d9553be8b24d002a3f8cc2/images/a0/cf/20/66/6620cfa0c1f849bda552a45b/01459_Cremmaet_Compact_Steam_Amazon_MainImage_01.png/01459_Cremmaet_Compact_Steam_Amazon_MainImage_01.jpg?s=1000x1000&t=JPEG,https://files.plytix.com/api/v1.1/rn/public_files/pim/assets/3b/55/d9/62/62d9553be8b24d002a3f8cc2/images/da/cf/20/66/6620cfda4c5e41c97745db8e/01459_Cremmaet_Compact_Steam_Amazon_MainImage_02.png/01459_Cremmaet_Compact_Steam_Amazon_MainImage_02.jpg?s=1000x1000&t=JPEG,https://files.plytix.com/api/v1.1/rn/public_files/pim/assets/3b/55/d9/62/62d9553be8b24d002a3f8cc2/images/30/43/f8/69/69f843309e4f141e8b0c4808/A70_EU01_001459_Cremmaet_Compact_Steam_MainImage_03.png/A70_EU01_001459_Cremmaet_Compact_Steam_MainImage_03.jpg?s=1000x1000&t=JPEG,https://files.plytix.com/api/v1.1/rn/public_files/pim/assets/3b/55/d9/62/62d9553be8b24d002a3f8cc2/images/38/43/f8/69/69f8433821442fb771d21f41/A70_EU01_001459_Cremmaet_Compact_Steam_MainImage_04.png/A70_EU01_001459_Cremmaet_Compact_Steam_MainImage_04.jpg?s=1000x1000&t=JPEG,https://files.plytix.com/api/v1.1/file/public_files/pim/assets/3b/55/d9/62/62d9553be8b24d002a3f8cc2/images/6c/af/4d/67/674daf6c7cb17e4d75d474b0/01459_Cafetera_superautomatica_Cremmaet_Compact_Steam_HL_01_6r3ut1.jpg,https://files.plytix.com/api/v1.1/file/public_files/pim/assets/3b/55/d9/62/62d9553be8b24d002a3f8cc2/images/73/af/4d/67/674daf73b61fa404a9109a81/01459_Cafetera_superautomatica_Cremmaet_Compact_Steam_HL_02_sfyd4o.jpg,https://files.plytix.com/api/v1.1/file/public_files/pim/assets/3b/55/d9/62/62d9553be8b24d002a3f8cc2/images/7a/af/4d/67/674daf7a1cd961ae51155d38/01459_Cafetera_superautomatica_Cremmaet_Compact_Steam_HL_03_dwuzfg.jpg,https://files.plytix.com/api/v1.1/file/public_files/pim/assets/3b/55/d9/62/62d9553be8b24d002a3f8cc2/images/86/af/4d/67/674daf867cb17e4d75d474d2/01459_Cafetera_superautomatica_Cremmaet_Compact_Steam_HL_04_g3t9nz.jpg,https://files.plytix.com/api/v1.1/file/public_files/pim/assets/3b/55/d9/62/62d9553be8b24d002a3f8cc2/images/8e/af/4d/67/674daf8ee74a48ee89fbc721/01459_Cafetera_superautomatica_Cremmaet_Compact_Steam_HL_05_owxhfe.jpg",,0,,1,new,0,0,0,0,0,0,0,0
4,900005,1,Máquinas de café espresso a vapor,Bandeja de goteo desmontable para facilitar la limpieza. Sistema de ahorro energético con apagado automático y stand-by. Indicadores luminosos en cada función.,999,1,,1,,,,,A70_EU01_001509,A70_EU01_001509,Cecotec,Cecotec,B0GXKXZP1N,,,1,1,1,1,0,1,,,,,,,"Brazo portafiltros con doble salida para preparar uno o dos cafés a la vez. Depósito de agua extraíble con 1,5 litros de capacidad. Con bandeja calientatazas de acero inoxidable. Incluye cucharilla dosificadora con prensador para el café.. Incluye vaporizador orientable con protección para el uso, para espumar leche, emitir agua caliente para infusiones, calentar líquidos y preparar cappuccinos.. Control digital EasyTouch muy intuitivo, con indicadores luminosos que facilitan su uso. Modo Auto para preparar uno o dos cafés automáticamente y modo manual.. Cafetera express para café espresso y cappuccino de 850 W. Bomba italiana de presión con tecnología ForceAroma de 20 bares que consigue la mejor crema y el máximo aroma.. 8447562421300",,,,,,In Stock,,1,,,1,"https://files.plytix.com/api/v1.1/rn/public_files/pim/assets/3b/55/d9/62/62d9553be8b24d002a3f8cc2/images/cf/86/ef/63/63ef86cf91e198ff3d3d0a9d/power-espresso-20-matic_1.png/power-espresso-20-matic_1.jpg?s=1000x1000&t=JPEG,https://files.plytix.com/api/v1.1/rn/public_files/pim/assets/3b/55/d9/62/62d9553be8b24d002a3f8cc2/images/88/a9/69/65/6569a9888c231c06f86bbc97/01509_Power_Espresso_20_Matic_MainImage_02.png/01509_Power_Espresso_20_Matic_MainImage_02.jpg?s=1000x1000&t=JPEG,https://files.plytix.com/api/v1.1/rn/public_files/pim/assets/3b/55/d9/62/62d9553be8b24d002a3f8cc2/images/87/42/f8/69/69f8428793fc99a52cecc412/A70_EU01_001509_Cafetera_Express_Power_Espresso_20_Matic_MainImage_03.png/A70_EU01_001509_Cafetera_Express_Power_Espresso_20_Matic_MainImage_03.jpg?s=1000x1000&t=JPEG,https://files.plytix.com/api/v1.1/rn/public_files/pim/assets/3b/55/d9/62/62d9553be8b24d002a3f8cc2/images/8c/42/f8/69/69f8428c93fc99a52cecc414/A70_EU01_001509_Cafetera_Express_Power_Espresso_20_Matic_MainImage_04.png/A70_EU01_001509_Cafetera_Express_Power_Espresso_20_Matic_MainImage_04.jpg?s=1000x1000&t=JPEG,https://files.plytix.com/api/v1.1/rn/public_files/pim/assets/3b/55/d9/62/62d9553be8b24d002a3f8cc2/images/92/42/f8/69/69f8429293fc99a52cecc41c/A70_EU01_001509_Cafetera_Express_Power_Espresso_20_Matic_MainImage_05.png/A70_EU01_001509_Cafetera_Express_Power_Espresso_20_Matic_MainImage_05.jpg?s=1000x1000&t=JPEG,https://files.plytix.com/api/v1.1/file/public_files/pim/assets/3b/55/d9/62/62d9553be8b24d002a3f8cc2/images/37/ae/f9/69/69f9ae379e4f141e8b0c7fed/A70_EU01_001509_Cafetera_Express_Power_Espresso_20_Matic_HL_1.jpg,https://files.plytix.com/api/v1.1/file/public_files/pim/assets/3b/55/d9/62/62d9553be8b24d002a3f8cc2/images/3b/ae/f9/69/69f9ae3b2fab6af3bf52802f/A70_EU01_001509_Cafetera_Express_Power_Espresso_20_Matic_HL_2.jpg,https://files.plytix.com/api/v1.1/file/public_files/pim/assets/3b/55/d9/62/62d9553be8b24d002a3f8cc2/images/3f/ae/f9/69/69f9ae3f9e4f141e8b0c7fee/A70_EU01_001509_Cafetera_Express_Power_Espresso_20_Matic_HL_3.jpg,https://files.plytix.com/api/v1.1/file/public_files/pim/assets/3b/55/d9/62/62d9553be8b24d002a3f8cc2/images/48/ae/f9/69/69f9ae485b4c2966af194cf0/A70_EU01_001509_Cafetera_Express_Power_Espresso_20_Matic_HL_4.jpg,https://files.plytix.com/api/v1.1/file/public_files/pim/assets/3b/55/d9/62/62d9553be8b24d002a3f8cc2/images/4d/ae/f9/69/69f9ae4dc70b440ca851ffc6/A70_EU01_001509_Cafetera_Express_Power_Espresso_20_Matic_HL_5.jpg",,0,,1,new,0,0,0,0,0,0,0,0
5,900006,1,Máquinas de café espresso a vapor,"Depósito de agua extraíble con 1,25 litros de capacidad. Bandeja calienta tazas de acero inoxidable.",999,1,,1,,,,,A70_EU01_001723,A70_EU01_001723,Cecotec,Cecotec,B0GXKR1FXY,,,1,1,1,1,0,1,,,,,,,"Brazo portafiltros con doble salida y dos filtros para preparar hasta dos cafés automáticamente.. Incluye vaporizador orientable con protección que texturiza la leche y te consigue la mejor espuma. Además, emite agua caliente a la temperatura idónea para las infusiones.. Cucharilla dosificadora con prensador, la medida perfecta en cada café y una potente bomba de presión con tecnología Force Aroma de 20 bares que consigue la mejor crema y el máximo aroma.. Cafetera espresso con diseño elegante y compacto. Potencia máxima de 1100 W que prepara todo tipo de cafés.. 8447562421539",,,,,,In Stock,,1,,,1,"https://files.plytix.com/api/v1.1/rn/public_files/pim/assets/3b/55/d9/62/62d9553be8b24d002a3f8cc2/images/ca/af/d4/65/65d4afcad2a341475b272de8/01723_Power_Espresso_20_Retro_Green_HQ_01.png/01723_Power_Espresso_20_Retro_Green_HQ_01.jpg?s=1000x1000&t=JPEG,https://files.plytix.com/api/v1.1/rn/public_files/pim/assets/3b/55/d9/62/62d9553be8b24d002a3f8cc2/images/00/b0/d4/65/65d4b0004be2fc06ff271e04/01723_Power_Espresso_20_Retro_Green_HQ_02.png/01723_Power_Espresso_20_Retro_Green_HQ_02.jpg?s=1000x1000&t=JPEG,https://files.plytix.com/api/v1.1/rn/public_files/pim/assets/3b/55/d9/62/62d9553be8b24d002a3f8cc2/images/dc/42/f8/69/69f842dc21442fb771d21f24/A70_EU01_001723_Power_Espresso_20_Retro_Green_MainImage_03.png/A70_EU01_001723_Power_Espresso_20_Retro_Green_MainImage_03.jpg?s=1000x1000&t=JPEG,https://files.plytix.com/api/v1.1/rn/public_files/pim/assets/3b/55/d9/62/62d9553be8b24d002a3f8cc2/images/e1/42/f8/69/69f842e121442fb771d21f27/A70_EU01_001723_Power_Espresso_20_Retro_Green_MainImage_04.png/A70_EU01_001723_Power_Espresso_20_Retro_Green_MainImage_04.jpg?s=1000x1000&t=JPEG,https://files.plytix.com/api/v1.1/rn/public_files/pim/assets/3b/55/d9/62/62d9553be8b24d002a3f8cc2/images/e7/42/f8/69/69f842e721442fb771d21f2b/A70_EU01_001723_Power_Espresso_20_Retro_Green_MainImage_05.png/A70_EU01_001723_Power_Espresso_20_Retro_Green_MainImage_05.jpg?s=1000x1000&t=JPEG,https://files.plytix.com/api/v1.1/file/public_files/pim/assets/3b/55/d9/62/62d9553be8b24d002a3f8cc2/images/1a/ad/b8/65/65b8ad1a947d02ea43cfbfe7/01723_Power_Espresso_20_Retro_Green_HL_01_ik8j9c.jpg,https://files.plytix.com/api/v1.1/file/public_files/pim/assets/3b/55/d9/62/62d9553be8b24d002a3f8cc2/images/21/ad/b8/65/65b8ad21947d02ea43cfbff0/01723_Power_Espresso_20_Retro_Green_HL_02_1j8mls.jpg,https://files.plytix.com/api/v1.1/file/public_files/pim/assets/3b/55/d9/62/62d9553be8b24d002a3f8cc2/images/28/ad/b8/65/65b8ad281c126bc83c7c4326/01723_Power_Espresso_20_Retro_Green_HL_03_98mm2s.jpg,https://files.plytix.com/api/v1.1/file/public_files/pim/assets/3b/55/d9/62/62d9553be8b24d002a3f8cc2/images/2e/ad/b8/65/65b8ad2e109552600ec41b84/01723_Power_Espresso_20_Retro_Green_HL_04_9clh3r.jpg,https://files.plytix.com/api/v1.1/file/public_files/pim/assets/3b/55/d9/62/62d9553be8b24d002a3f8cc2/texts/b0/42/92/67/679242b0f33788d4901923c0/NA Manual de instrucciones (Comercial).pdf",,0,,1,new,0,0,0,0,0,0,0,0
6,900007,1,Deshumidificadores,Función de aviso por depósito lleno para evitar desbordamientos y conseguir un menor consumo energético. Pantalla LED para visualizar la temperatura y el porcentaje de humedad ambiente actual. Controles táctiles para un manejo sencillo e intuitivo. Ruedas y asa para ser transportado entre distintas estancias o espacios cómodamente.,999,1,,1,,,,,A70_EU01_005652,A70_EU01_005652,Cecotec,Cecotec,B0GXVPF3H3,,,1,1,1,1,0,1,,,,,,,"Puede deshumidificar un volumen de hasta 105 m3 (estancias hasta 40 m²), por lo que su uso es ideal para despachos, oficinas, salones…. Control por Wi-Fi desde tu smartphone que permite configurar el funcionamiento del deshumidificador de manera remota. Permite seleccionar el porcentaje de humedad ambiente deseado entre 40 % y 80 % para conseguir el máximo bienestar con un temporizador programable de hasta 24 horas con función de autoapagado.. Depósito extraíble con una gran capacidad de 2,5 L para disminuir el número de vaciados y aumentar así el tiempo de funcionamiento y la comodidad. Selecciona entre sus dos velocidades de deshumidificación, baja o alta, para adecuarlo a cada situación en diferentes entornos.. Gran poder de deshumidificación de hasta 10 L/día, lo que disminuye en gran medida la concentración de humedad en el ambiente para generar un mayor bienestar y evitar el posible deterioro de muebles o la aparición de enfermedades provocadas por la humedad. Su funcionamiento silencioso permite emplearlo en cualquier momento del día incluso con bebés durmiendo.. 8447562421225",,,,,,In Stock,,1,,,1,"https://files.plytix.com/api/v1.1/rn/public_files/pim/assets/3b/55/d9/62/62d9553be8b24d002a3f8cc2/images/2f/87/f8/69/69f8872f6414db9daa0744fb/A70_EU01_005652_Deshumidificador BigDry 4000 Expert Connected_01.png/A70_EU01_005652_Deshumidificador BigDry 4000 Expert Connected_01.jpg?s=1000x1000&t=JPEG,https://files.plytix.com/api/v1.1/rn/public_files/pim/assets/3b/55/d9/62/62d9553be8b24d002a3f8cc2/images/a1/e7/6e/65/656ee7a18c231c06f86c67a9/05652_BigDry_4000_Exper_Connected_MainImage_02.png/05652_BigDry_4000_Exper_Connected_MainImage_02.jpg?s=1000x1000&t=JPEG,https://files.plytix.com/api/v1.1/rn/public_files/pim/assets/3b/55/d9/62/62d9553be8b24d002a3f8cc2/images/7b/ec/6e/65/656eec7bcc871d9abf441bbc/05652_BigDry_4000_Exper_Connected_MainImage_03.png/05652_BigDry_4000_Exper_Connected_MainImage_03.jpg?s=1000x1000&t=JPEG",,0,,1,new,0,0,0,0,0,0,0,0
7,900008,1,Aspiradoras en seco y húmedo,Incluye 2 accesorios para limpiar cualquier superficie de forma eficaz.,999,1,,1,,,,,A70_EU01_008115,A70_EU01_008115,Cecotec,Cecotec,B0GXKPBYVC,,,1,1,1,1,0,1,,,,,,,"Gran radio de acción con más de 5 metros y porta accesorios para poder limpiar de la forma más cómoda hasta el último rincón.. Sistema de doble filtrado que filtra el agua y purifica el aire reteniendo de forma eficaz un gran porcentaje de alérgenos. Incluye función sopladora Blowing System. Aspira sin esfuerzo gracias a su potencia de 1600 W y a su depósito de 30 L.. Aspirador de sólidos y líquidos de gran potencia con tanque de metal para aspirar todo tipo de suciedad, incluidos líquidos, de cualquier rincón de tu hogar.. 8447562421522",,,,,,In Stock,,1,,,1,"https://files.plytix.com/api/v1.1/rn/public_files/pim/assets/3b/55/d9/62/62d9553be8b24d002a3f8cc2/images/50/54/f3/69/69f354505bea529c9e9d4d2a/008115_Conga_Rockstar_Wet_&_Dry_Steel_Pro_Mainimage_01.png/008115_Conga_Rockstar_Wet_&_Dry_Steel_Pro_Mainimage_01.jpg?s=1000x1000&t=JPEG,https://files.plytix.com/api/v1.1/rn/public_files/pim/assets/3b/55/d9/62/62d9553be8b24d002a3f8cc2/images/67/54/f3/69/69f354673611626eb6be9976/008115_Conga_Rockstar_Wet_&_Dry_Steel_Pro_Mainimage_03.png/008115_Conga_Rockstar_Wet_&_Dry_Steel_Pro_Mainimage_03.jpg?s=1000x1000&t=JPEG,https://files.plytix.com/api/v1.1/rn/public_files/pim/assets/3b/55/d9/62/62d9553be8b24d002a3f8cc2/images/e3/c0/fd/69/69fdc0e30854894a73c5dec9/008115_Conga_Rockstar_Wet_&_Dry_Steel_Pro_Mainimage_04.png/008115_Conga_Rockstar_Wet_&_Dry_Steel_Pro_Mainimage_04.jpg?s=1000x1000&t=JPEG",,0,,1,new,0,0,0,0,0,0,0,0
8,900009,1,Limpiadoras a presión,Conexión rápida y fácil de la manguera de alta presión y de la lanza a la pistola mediante sistema iClick. Gatillo con sistema Auto Start-Stop para conseguir mayor seguridad y control. Protege el motor y ahorra agua. Transporte sencillo gracias a su asa y ruedas,999,1,,1,,,,,A70_EU01_008138,A70_EU01_008138,Cecotec,Cecotec,B0GXL5WBPZ,,,1,1,1,1,0,1,,,,,,,"Radio de 14 metros para un uso cómodo y total libertad de movimientos. Filtro anti impurezas que ayuda a conectar rápida y fácilmente la manguera de agua a la hidrolimpiadora.. Bomba HardPump de aluminio para mayor fiabilidad que permite tiempos de uso superiores a las bombas de materiales compuestos gracias a una menor fatiga. Asa de gran tamaño para transportar la hidrolimpiadora sin esfuerzo y poder realizar cómodamente tareas que requieren desplazamiento.. Máximo caudal de 450 litros/hora que permite limpiar una mayor superficie en menor tiempo. Limpiar el coche o la terraza es más rápido que nunca. Botella regulable para jabón de espuma regulable.. Gran potencia de 2000 W para eliminar la suciedad más difícil de manera rápida y eficiente. Máxima presión admitida de 150 bares. Ideal para terrazas, balcones, patios y bordillos de piscina.. 8447562421232",,,,,,In Stock,,1,,,1,"https://files.plytix.com/api/v1.1/rn/public_files/pim/assets/3b/55/d9/62/62d9553be8b24d002a3f8cc2/images/2d/54/f3/69/69f3542d21442fb771d1b1e1/A70_EU01_008138_HydroBoost_2000_Car&Garden_Pro_MainImage_01.png/A70_EU01_008138_HydroBoost_2000_Car&Garden_Pro_MainImage_01.jpg?s=1000x1000&t=JPEG,https://files.plytix.com/api/v1.1/rn/public_files/pim/assets/3b/55/d9/62/62d9553be8b24d002a3f8cc2/images/44/54/f3/69/69f35444e70fc0fc7920e453/A70_EU01_008138_HydroBoost_2000_Car&Garden_Pro_MainImage_02.png/A70_EU01_008138_HydroBoost_2000_Car&Garden_Pro_MainImage_02.jpg?s=1000x1000&t=JPEG",,0,,1,new,0,0,0,0,0,0,0,0
9,900010,1,Limpiadoras a presión,Conexión rápida y fácil de la manguera de alta presión y de la lanza a la pistola mediante sistema iClick. Gatillo con sistema Auto Start-Stop para conseguir mayor seguridad y control. Protege el motor y ahorra agua. Transporte sencillo gracias a su asa y ruedas,999,1,,1,,,,,A70_EU01_008139,A70_EU01_008139,Cecotec,Cecotec,B0GXKTNGF8,,,1,1,1,1,0,1,,,,,,,"Radio de 14 metros para un uso cómodo y total libertad de movimientos. Filtro anti impurezas que ayuda a conectar rápida y fácilmente la manguera de agua a la hidrolimpiadora.. Bomba HardPump de aluminio para mayor fiabilidad que permite tiempos de uso superiores a las bombas de materiales compuestos gracias a una menor fatiga. Asa de gran tamaño para transportar la hidrolimpiadora sin esfuerzo y poder realizar cómodamente tareas que requieren desplazamiento.. Máximo caudal de 480 litros/hora que permite limpiar una mayor superficie en menor tiempo. Limpiar el coche o la terraza es más rápido que nunca. Botella regulable para jabón de espuma regulable.. Gran potencia de 2400 W para eliminar la suciedad más difícil de manera rápida y eficiente. Máxima presión admitida de 180 bares. Ideal para terrazas, balcones, patios y bordillos de piscina.. 8447562421157",,,,,,In Stock,,1,,,1,"https://files.plytix.com/api/v1.1/rn/public_files/pim/assets/3b/55/d9/62/62d9553be8b24d002a3f8cc2/images/a8/22/f2/69/69f222a83611626eb6be6c13/A70_EU01_008139_HydroBoost_2400_AdvanceClean_MainImage_01.png/A70_EU01_008139_HydroBoost_2400_AdvanceClean_MainImage_01.jpg?s=1000x1000&t=JPEG,https://files.plytix.com/api/v1.1/rn/public_files/pim/assets/3b/55/d9/62/62d9553be8b24d002a3f8cc2/images/b2/22/f2/69/69f222b29809a7045947132c/A70_EU01_008139_HydroBoost_2400_AdvanceClean_MainImage_02.png/A70_EU01_008139_HydroBoost_2400_AdvanceClean_MainImage_02.jpg?s=1000x1000&t=JPEG,https://files.plytix.com/api/v1.1/file/public_files/pim/assets/3b/55/d9/62/62d9553be8b24d002a3f8cc2/images/54/5d/fc/69/69fc5d5453842437a08167dd/A70_EU01_008139_HydroBoost 2400 AdvanceClean_HL_01.jpg,https://files.plytix.com/api/v1.1/file/public_files/pim/assets/3b/55/d9/62/62d9553be8b24d002a3f8cc2/images/59/5d/fc/69/69fc5d59fb3c83cf5277dedf/A70_EU01_008139_HydroBoost 2400 AdvanceClean_HL_02.jpg,https://files.plytix.com/api/v1.1/file/public_files/pim/assets/3b/55/d9/62/62d9553be8b24d002a3f8cc2/images/61/5d/fc/69/69fc5d6125cbb474afc3a458/A70_EU01_008139_HydroBoost 2400 AdvanceClean_HL_03.jpg,https://files.plytix.com/api/v1.1/file/public_files/pim/assets/3b/55/d9/62/62d9553be8b24d002a3f8cc2/images/66/5d/fc/69/69fc5d660854894a73c59a9e/A70_EU01_008139_HydroBoost 2400 AdvanceClean_HL_04.jpg,https://files.plytix.com/api/v1.1/file/public_files/pim/assets/3b/55/d9/62/62d9553be8b24d002a3f8cc2/images/6a/5d/fc/69/69fc5d6a93d44f230c372064/A70_EU01_008139_HydroBoost 2400 AdvanceClean_HL_05.jpg",,0,,1,new,0,0,0,0,0,0,0,0
10,900011,1,Aspiradoras para alfombras,"EasyClean. Asegura un fácil mantenimiento y limpieza de tu limpiatapicerías gracias a su escobilla de limpieza. Cuenta con dos depósitos, manguera y boquilla de succión lavables.",999,1,,1,,,,,A70_EU01_100074,A70_EU01_100074,Cecotec,Cecotec,B0GXVCGC4D,,,1,1,1,1,0,1,,,,,,,"Versatilidad instantánea. Gracias a sus dos boquillas de aspiración, podrás personalizar y maximizar tu limpieza a medida sin esfuerzos. Además, contiene un accesorio especial para la limpieza de ventanas, que te servirá tanto para tu casa como para tu coche.. Acaba hasta con la suciedad que no ves. El limpiatapicerías cuenta con 600 W de potencia y 15 kPa de presión de succión para eliminar la suciedad sin esfuerzo y de una sola pasada.. Tamaño XXL. limpieza sin parones gracias a su gran capacidad. Cuenta con un depósito de agua limpia de 1300 ml y uno de agua sucia de 1100 ml. Radio de acción de 7 metros.. Tapicerías como nuevas de una pasada. Limpiatapicerías 3 en 1 que pulveriza, aspira y limpia, para dejar tus tapicerías como nuevas de una sola pasada.. 8447562421393",,,,,,In Stock,,1,,,1,"https://files.plytix.com/api/v1.1/rn/public_files/pim/assets/3b/55/d9/62/62d9553be8b24d002a3f8cc2/images/2e/56/f3/69/69f3562e9a4337e5d46d9572/A70_EU01_100074_Conga_6000_Carpet&Spot_Clean_XXL_Advance_MainImage_01.png/A70_EU01_100074_Conga_6000_Carpet&Spot_Clean_XXL_Advance_MainImage_01.jpg?s=1000x1000&t=JPEG,https://files.plytix.com/api/v1.1/rn/public_files/pim/assets/3b/55/d9/62/62d9553be8b24d002a3f8cc2/images/33/56/f3/69/69f35633a56f0f35f8731661/A70_EU01_100074_Conga_6000_Carpet&Spot_Clean_XXL_Advance_MainImage_02.png/A70_EU01_100074_Conga_6000_Carpet&Spot_Clean_XXL_Advance_MainImage_02.jpg?s=1000x1000&t=JPEG,https://files.plytix.com/api/v1.1/rn/public_files/pim/assets/3b/55/d9/62/62d9553be8b24d002a3f8cc2/images/39/56/f3/69/69f35639f1b107a842bc30ee/A70_EU01_100074_Conga_6000_Carpet&Spot_Clean_XXL_Advance_MainImage_03.png/A70_EU01_100074_Conga_6000_Carpet&Spot_Clean_XXL_Advance_MainImage_03.jpg?s=1000x1000&t=JPEG,https://files.plytix.com/api/v1.1/file/public_files/pim/assets/3b/55/d9/62/62d9553be8b24d002a3f8cc2/images/36/91/fc/69/69fc9136fb3c83cf5277ea2f/A70_EU01_100074_Conga 6000_Carpet_HL_01_6il1wh.jpg,https://files.plytix.com/api/v1.1/file/public_files/pim/assets/3b/55/d9/62/62d9553be8b24d002a3f8cc2/images/3f/91/fc/69/69fc913f53842437a08173a0/A70_EU01_100074_Conga 6000_Carpet_HL_02_ie7c46.jpg,https://files.plytix.com/api/v1.1/file/public_files/pim/assets/3b/55/d9/62/62d9553be8b24d002a3f8cc2/images/44/91/fc/69/69fc914453842437a08173a2/A70_EU01_100074_Conga 6000_Carpet_HL_03 copia.jpg,https://files.plytix.com/api/v1.1/file/public_files/pim/assets/3b/55/d9/62/62d9553be8b24d002a3f8cc2/images/49/91/fc/69/69fc914993d44f230c372df9/A70_EU01_100074_Conga 6000_Carpet_HL_04_iwhrzc.jpg,https://files.plytix.com/api/v1.1/file/public_files/pim/assets/3b/55/d9/62/62d9553be8b24d002a3f8cc2/images/54/91/fc/69/69fc915493d44f230c372dfd/A70_EU01_100074_Conga 6000_Carpet_HL_05 copia.jpg",,0,,1,new,0,0,0,0,0,0,0,0
11,900012,1,Aspiradoras para alfombras,Fácil limpieza del producto: asegura un fácil mantenimiento y limpieza de tu limpiatapicerías gracias a su accesorio de autolimpieza.,999,1,,1,,,,,A70_EU01_100075,A70_EU01_100075,Cecotec,Cecotec,B0GXVNJC4S,,,1,1,1,1,0,1,,,,,,,"Limpieza en profundidad: gracias a su boquilla de cerdas con spray incorporado, elimina hasta la suciedad más invisible. Cuenta con un accesorio especial para ventanas podrás dejar los cristales de tu casa y coche impolutos.. Elimina hasta la suciedad que no ves: el limpiatapicerías cuenta con 1700 W de potencia para eliminar la suciedad sin esfuerzo.. Gran capacidad del depósito: disfruta de una limpieza sin interrupciones gracias a sus dos depósitos, 1600 ml de agua limpia y 950 ml de agua sucia. Además, cuenta con un gran radio de acción de 7 metros.. Limpiatapicerías con vapor: deja tus tapicerías como nuevas de una sola pasada gracias a su limpieza 3 en 1. Tus tapicerías más limpias que nunca gracias a su spray con vapor. Calentamiento del vapor en menos de un minuto y secado de las tapicerías más rápido.. 8447562421263",,,,,,In Stock,,1,,,1,"https://files.plytix.com/api/v1.1/rn/public_files/pim/assets/3b/55/d9/62/62d9553be8b24d002a3f8cc2/images/7e/56/f3/69/69f3567ed22e0161f7fd5a41/A70_EU01_100075_Limpiatapicerías_Conga_7000_Carpet&Spot_Clean_Steam_XXL_MainImage_01.png/A70_EU01_100075_Limpiatapicerías_Conga_7000_Carpet&Spot_Clean_Steam_XXL_MainImage_01.jpg?s=1000x1000&t=JPEG,https://files.plytix.com/api/v1.1/rn/public_files/pim/assets/3b/55/d9/62/62d9553be8b24d002a3f8cc2/images/84/56/f3/69/69f35684a56f0f35f873167d/A70_EU01_100075_Limpiatapicerías_Conga_7000_Carpet&Spot_Clean_Steam_XXL_MainImage_02.png/A70_EU01_100075_Limpiatapicerías_Conga_7000_Carpet&Spot_Clean_Steam_XXL_MainImage_02.jpg?s=1000x1000&t=JPEG,https://files.plytix.com/api/v1.1/rn/public_files/pim/assets/3b/55/d9/62/62d9553be8b24d002a3f8cc2/images/8f/56/f3/69/69f3568fed5e935a0db895bb/A70_EU01_100075_Limpiatapicerías_Conga_7000_Carpet&Spot_Clean_Steam_XXL_MainImage_03.png/A70_EU01_100075_Limpiatapicerías_Conga_7000_Carpet&Spot_Clean_Steam_XXL_MainImage_03.jpg?s=1000x1000&t=JPEG,https://files.plytix.com/api/v1.1/rn/public_files/pim/assets/3b/55/d9/62/62d9553be8b24d002a3f8cc2/images/95/56/f3/69/69f35695ba916b0ee46cc84f/A70_EU01_100075_Limpiatapicerías_Conga_7000_Carpet&Spot_Clean_Steam_XXL_MainImage_04.png/A70_EU01_100075_Limpiatapicerías_Conga_7000_Carpet&Spot_Clean_Steam_XXL_MainImage_04.jpg?s=1000x1000&t=JPEG",,0,,1,new,0,0,0,0,0,0,0,0
12,900013,1,Robots aspiradores,"Estación Home&Wash para un mantenimiento sin preocupaciones: la estación Home&Wash de Conga es un avance en la tecnología de limpieza. Con una gran capacidad de 2,5 L para polvo, 4 L para agua limpia y 3,5 L para agua sucia, este sistema gestiona el mantenimiento del robot de forma completamente autónoma. Durante el ciclo de limpieza, las mopas son mojadas y secadas automáticamente con aire caliente, lo que evita la aparición de malos olores y gérmenes. Gracias a su sistema de autovaciado, el robot vacía su depósito en la base, dejándote hasta 12 semanas de autonomía para limpiar sin tener que intervenir.",999,1,,1,,,,,A70_EU01_114481,A70_EU01_114481,Cecotec,Cecotec,B0GXKSBKY4,,,1,1,1,1,0,1,,,,,,,"Mopas elevables y extensibles para un fregado profesional: el diseño innovador de Conga incluye mopas que son elevables hasta 8 mm, lo que permite evitar que el agua de las mopas entre en contacto con las alfombras, protegiéndolas de la humedad. Además, sus mopas son extensibles, lo que permite limpiar áreas difíciles como los bordes de las habitaciones o debajo de los muebles. Esta función hace que el fregado sea mucho más eficaz, alcanzando zonas que normalmente se quedarían fuera del alcance de otros robots de limpieza.. 20.000 Pa de ultrapotencia de succión: equipado con un motor Ungravity de última generación, Conga ofrece una increíble potencia de succión de 20.000 Pa, lo que le permite aspirar hasta la suciedad más difícil. Ya sea polvo, pelos de mascotas o suciedad incrustada, este robot puede con todo. Su potente succión es capaz de limpiar incluso alfombras altas, donde otros robots no llegan. Esto garantiza que tu hogar quede completamente libre de impurezas, sin importar el tipo de superficie que esté limpiando.. Sistema de fregado innovador para resultados profesionales: olvídate de la fregona convencional. Conga cuenta con un sistema de fregado único que utiliza dos mopas que giran a gran velocidad. Este mecanismo innovador desincrusta las manchas más difíciles y deja los suelos impecables, brillantes y sin restos de suciedad. Gracias a su diseño, es ideal para todo tipo de suelos, logrando una limpieza profunda sin esfuerzo.. Inteligencia Artificial avanzada para una limpieza precisa: Conga está equipada con tecnología de inteligencia artificial que le permite limpiar de manera extremadamente precisa y eficiente. Gracias a sus sensores inteligentes, el robot puede esquivar objetos, incluso los más pequeños, evitando enredos y accidentes durante el proceso de limpieza. Además, su sistema de navegación optimizado le permite mapear tu hogar, adaptándose a cualquier entorno y asegurando que cada rincón de tu casa sea limpiado sin errores, sin importar la",,,,,,In Stock,,1,,,1,"https://files.plytix.com/api/v1.1/rn/public_files/pim/assets/3b/55/d9/62/62d9553be8b24d002a3f8cc2/images/0e/60/f3/69/69f3600ef1b107a842bc341a/A70_EU01_114481_Conga_X70_Mainimage_01.png/A70_EU01_114481_Conga_X70_Mainimage_01.jpg?s=1000x1000&t=JPEG,https://files.plytix.com/api/v1.1/rn/public_files/pim/assets/3b/55/d9/62/62d9553be8b24d002a3f8cc2/images/15/60/f3/69/69f36015f1b107a842bc341c/A70_EU01_114481_Conga_X70_Mainimage_02.png/A70_EU01_114481_Conga_X70_Mainimage_02.jpg?s=1000x1000&t=JPEG,https://files.plytix.com/api/v1.1/rn/public_files/pim/assets/3b/55/d9/62/62d9553be8b24d002a3f8cc2/images/1d/60/f3/69/69f3601d9809a70459474a68/A70_EU01_114481_Conga_X70_Mainimage_03.png/A70_EU01_114481_Conga_X70_Mainimage_03.jpg?s=1000x1000&t=JPEG,https://files.plytix.com/api/v1.1/rn/public_files/pim/assets/3b/55/d9/62/62d9553be8b24d002a3f8cc2/images/23/60/f3/69/69f360236692ef45d4e2295a/A70_EU01_114481_Conga_X70_Mainimage_04.png/A70_EU01_114481_Conga_X70_Mainimage_04.jpg?s=1000x1000&t=JPEG,https://files.plytix.com/api/v1.1/rn/public_files/pim/assets/3b/55/d9/62/62d9553be8b24d002a3f8cc2/images/28/60/f3/69/69f360286692ef45d4e2295d/A70_EU01_114481_Conga_X70_Mainimage_05.png/A70_EU01_114481_Conga_X70_Mainimage_05.jpg?s=1000x1000&t=JPEG,https://files.plytix.com/api/v1.1/file/public_files/pim/assets/3b/55/d9/62/62d9553be8b24d002a3f8cc2/images/0d/9f/f8/69/69f89f0d208a66ead02896ed/A70_EU01_114481_Conga_X70_HL_01 copia_xjcyx5.jpg,https://files.plytix.com/api/v1.1/file/public_files/pim/assets/3b/55/d9/62/62d9553be8b24d002a3f8cc2/images/11/9f/f8/69/69f89f119e4f141e8b0c56c7/A70_EU01_114481_Conga_X70_HL_02 copia_rjpv5w.jpg,https://files.plytix.com/api/v1.1/file/public_files/pim/assets/3b/55/d9/62/62d9553be8b24d002a3f8cc2/images/15/9f/f8/69/69f89f159e4f141e8b0c56c9/A70_EU01_114481_Conga_X70_HL_03 copia_kw8fe1.jpg,https://files.plytix.com/api/v1.1/file/public_files/pim/assets/3b/55/d9/62/62d9553be8b24d002a3f8cc2/images/1a/9f/f8/69/69f89f1a9e4f141e8b0c56cb/A70_EU01_114481_Conga_X70_HL_04 copia_14n8x4.jpg,https://files.plytix.com/api/v1.1/file/public_files/pim/assets/3b/55/d9/62/62d9553be8b24d002a3f8cc2/images/82/9f/f8/69/69f89f829e4f141e8b0c56dc/A01_EU01_114481_Conga_X70_HL_05_v9audn.jpg",,0,,1,new,0,0,0,0,0,0,0,0
13,900014,1,Robots aspiradores,"Limpieza continua y sin interrupciones: Con depósitos de agua (420 ml) y polvo (400 ml), el robot permite una limpieza prolongada sin tener que vaciar o rellenar. Además, la app 3.0 permite definir, planificar y programar limpiezas personalizadas.",999,1,,1,,,,,A70_EU01_114518,A70_EU01_114518,Cecotec,Cecotec,B0GXKXX66P,,,1,1,1,1,0,1,,,,,,,"Ideal para pisos grandes: Con una batería de 4500 mAh, el robot aspira sin interrupciones hasta 180 m²*, proporcionando una limpieza eficiente y continua sin necesidad de recargas frecuentes. El rendimiento real varía según la distribución del hogar.. Cepillo anti-enredos: Ideal para hogares con mascotas y cabello largo*, este cepillo de silicona evita los enredos y asegura una limpieza profunda en múltiples superficies. *La eficacia antienredos varía según el tipo de pelo y su longitud.. 20000 Pa de ultrapotencia: Con su motor Ungravity, ofrece una increíble succión de 20000 Pa, capaz de eliminar la suciedad extrema en todas las superficies, incluyendo alfombras altas.. Navegación láser avanzada: Crea un mapa interactivo de tu hogar para una limpieza precisa y personalizada, sin importar la luz ambiental. Su trazado rápido y exacto minimiza los errores de navegación y asegura una cobertura completa.. 8447562421614",,,,,,In Stock,,1,,,1,"https://files.plytix.com/api/v1.1/rn/public_files/pim/assets/3b/55/d9/62/62d9553be8b24d002a3f8cc2/images/07/57/f3/69/69f3570721442fb771d1b233/A70_EU01_114518_Conga_M70_Genesis_Mainimage_01.png/A70_EU01_114518_Conga_M70_Genesis_Mainimage_01.jpg?s=1000x1000&t=JPEG,https://files.plytix.com/api/v1.1/rn/public_files/pim/assets/3b/55/d9/62/62d9553be8b24d002a3f8cc2/images/f3/56/f3/69/69f356f3ed5e935a0db895c6/A70_EU01_114518_Conga_M70_Genesis_Mainimage_02.png/A70_EU01_114518_Conga_M70_Genesis_Mainimage_02.jpg?s=1000x1000&t=JPEG,https://files.plytix.com/api/v1.1/rn/public_files/pim/assets/3b/55/d9/62/62d9553be8b24d002a3f8cc2/images/0d/57/f3/69/69f3570de70fc0fc7920e553/A70_EU01_114518_Conga_M70_Genesis_Mainimage_03.png/A70_EU01_114518_Conga_M70_Genesis_Mainimage_03.jpg?s=1000x1000&t=JPEG,https://files.plytix.com/api/v1.1/rn/public_files/pim/assets/3b/55/d9/62/62d9553be8b24d002a3f8cc2/images/12/57/f3/69/69f35712ba916b0ee46cc867/A70_EU01_114518_Conga_M70_Genesis_Mainimage_04.png/A70_EU01_114518_Conga_M70_Genesis_Mainimage_04.jpg?s=1000x1000&t=JPEG,https://files.plytix.com/api/v1.1/file/public_files/pim/assets/3b/55/d9/62/62d9553be8b24d002a3f8cc2/images/50/92/fc/69/69fc925077c480808a7dae34/A70_EU01_114518_Conga_M70_Genesis_HL_01_3h1dzp.jpg,https://files.plytix.com/api/v1.1/file/public_files/pim/assets/3b/55/d9/62/62d9553be8b24d002a3f8cc2/images/55/92/fc/69/69fc92555f1d69a30f10e458/A70_EU01_114518_Conga_M70_Genesis_HL_02_wjbz9a.jpg,https://files.plytix.com/api/v1.1/file/public_files/pim/assets/3b/55/d9/62/62d9553be8b24d002a3f8cc2/images/5b/92/fc/69/69fc925bfd0bcb4fd3595d1d/A70_EU01_114518_Conga_M70_Genesis_HL_03_9vpvz8.jpg,https://files.plytix.com/api/v1.1/file/public_files/pim/assets/3b/55/d9/62/62d9553be8b24d002a3f8cc2/images/60/92/fc/69/69fc92607c456c9d2a6d2fcb/A70_EU01_114518_Conga_M70_Genesis_HL_04_fxoavf.jpg,https://files.plytix.com/api/v1.1/file/public_files/pim/assets/3b/55/d9/62/62d9553be8b24d002a3f8cc2/images/65/92/fc/69/69fc926502cd58e89964f712/A70_EU01_114518_Conga_M70_Genesis_HL_05_yloo9x.jpg",,0,,1,new,0,0,0,0,0,0,0,0
14,900015,1,Robots aspiradores,"Cepillo todoterreno: Este cepillo multifunción es ideal para todo tipo de superficies, con cerdas y silicona de goma, perfecto para suelos duros y alfombras.",999,1,,1,,,,,A70_EU01_119667,A70_EU01_119667,Cecotec,Cecotec,B0GXKVKCQ8,,,1,1,1,1,0,1,,,,,,,"Autovaciado hasta 12 semanas*: El sistema de autovaciado vacía automáticamente su depósito de 3L, garantizando hasta 12 semanas de limpieza autónoma. Las semanas de independencia varían según el ambiente y los hábitos de uso.. Base de autovaciado para un hogar saludable: Ideal para personas con alergias, esta base retiene el polvo y los alérgenos sin liberarlos al aire. Además, recoge eficazmente el pelo de mascotas, manteniendo tu hogar limpio con menos esfuerzo. 5000 Pa de gran potencia de succión: El motor de 5000 Pa elimina polvo, pelos y toda clase de suciedad, dejando las superficies como nuevas con su potente succión.. Navegación láser avanzada: Utiliza tecnología avanzada para crear un mapa interactivo de tu hogar, ofreciendo una limpieza precisa y personalizada, sin importar la cantidad de luz ambiental. Su trazado rápido y exacto reduce los errores de navegación y asegura una cobertura perfecta de cada área.. 8447562421416",,,,,,In Stock,,1,,,1,"https://files.plytix.com/api/v1.1/rn/public_files/pim/assets/3b/55/d9/62/62d9553be8b24d002a3f8cc2/images/8a/56/f3/69/69f3568a7289332752893619/A70_EU01_119667_Conga_Y50_X-Treme_Mainimage_01.png/A70_EU01_119667_Conga_Y50_X-Treme_Mainimage_01.jpg?s=1000x1000&t=JPEG,https://files.plytix.com/api/v1.1/rn/public_files/pim/assets/3b/55/d9/62/62d9553be8b24d002a3f8cc2/images/92/56/f3/69/69f35692d22e0161f7fd5a43/A70_EU01_119667_Conga_Y50_X-Treme_Mainimage_02.png/A70_EU01_119667_Conga_Y50_X-Treme_Mainimage_02.jpg?s=1000x1000&t=JPEG,https://files.plytix.com/api/v1.1/rn/public_files/pim/assets/3b/55/d9/62/62d9553be8b24d002a3f8cc2/images/97/56/f3/69/69f35697ba916b0ee46cc851/A70_EU01_119667_Conga_Y50_X-Treme_Mainimage_03.png/A70_EU01_119667_Conga_Y50_X-Treme_Mainimage_03.jpg?s=1000x1000&t=JPEG,https://files.plytix.com/api/v1.1/rn/public_files/pim/assets/3b/55/d9/62/62d9553be8b24d002a3f8cc2/images/9e/56/f3/69/69f3569e5bea529c9e9d4d5b/A70_EU01_119667_Conga_Y50_X-Treme_Mainimage_04.png/A70_EU01_119667_Conga_Y50_X-Treme_Mainimage_04.jpg?s=1000x1000&t=JPEG,https://files.plytix.com/api/v1.1/rn/public_files/pim/assets/3b/55/d9/62/62d9553be8b24d002a3f8cc2/images/a4/56/f3/69/69f356a4ba916b0ee46cc859/A70_EU01_119667_Conga_Y50_X-Treme_Mainimage_05.png/A70_EU01_119667_Conga_Y50_X-Treme_Mainimage_05.jpg?s=1000x1000&t=JPEG",,0,,1,new,0,0,0,0,0,0,0,0
15,900016,1,Cafeteras automáticas,"Depósito de 150 g de café con molinillo cónico integrado con 5 niveles de molienda. Depósito extraíble de agua con 1,1 L y vaporizador de leche. Limpieza automática para mantenerla siempre a punto.",999,1,,1,,,,,A70_EU01_120166,A70_EU01_120166,Cecotec,Cecotec,B0GXKTCL7K,,,1,1,1,1,0,1,,,,,,,"Se adapta a todos los gustos, puedes personalizar y memorizar fácilmente la cantidad y la intensidad del café.. Sistema de rápido calentamiento por Thermoblock que garantiza un café perfecto en tan solo unos segundos. Incluye vaporizador para espumar la leche.. Bomba de presión de 19 bares para conseguir la mejor crema y el máximo aroma en cada café.. La cafetera superautomática compacta prepara espressos y americanos de café en grano recién molido pulsando un botón gracias al sistema Plug&Play.. 8447562421591",,,,,,In Stock,,1,,,1,"https://files.plytix.com/api/v1.1/rn/public_files/pim/assets/3b/55/d9/62/62d9553be8b24d002a3f8cc2/images/1d/0f/e5/68/68e50f1d8cc2fc0d75e10f61/A90_EU01_120166_Cremmaet_Steam_Latte_Art_Mainimage_01.png/A90_EU01_120166_Cremmaet_Steam_Latte_Art_Mainimage_01.jpg?s=1000x1000&t=JPEG,https://files.plytix.com/api/v1.1/rn/public_files/pim/assets/3b/55/d9/62/62d9553be8b24d002a3f8cc2/images/87/61/62/68/6862618785731f3c2fe52f0a/A01_EU01_115411_Cremmaet_Steam_mainImage_02.png/A01_EU01_115411_Cremmaet_Steam_mainImage_02.jpg?s=1000x1000&t=JPEG,https://files.plytix.com/api/v1.1/rn/public_files/pim/assets/3b/55/d9/62/62d9553be8b24d002a3f8cc2/images/8d/61/62/68/6862618da5da07dc442548cd/A01_EU01_115411_Cremmaet_Steam_mainImage_03.png/A01_EU01_115411_Cremmaet_Steam_mainImage_03.jpg?s=1000x1000&t=JPEG,https://files.plytix.com/api/v1.1/rn/public_files/pim/assets/3b/55/d9/62/62d9553be8b24d002a3f8cc2/images/dd/43/f8/69/69f843dd2a3874204bfd084e/A70_EU01_120166_Cremmaet_Steam_Latte_Art_MainImage_04.png/A70_EU01_120166_Cremmaet_Steam_Latte_Art_MainImage_04.jpg?s=1000x1000&t=JPEG,https://files.plytix.com/api/v1.1/file/public_files/pim/assets/3b/55/d9/62/62d9553be8b24d002a3f8cc2/images/e6/e8/ec/68/68ece8e6baa0e5c2afea2f6e/A90_EU01_120166_Cremmaet_Steam_Latte_Art_HL_01_nnnd6j.jpg,https://files.plytix.com/api/v1.1/file/public_files/pim/assets/3b/55/d9/62/62d9553be8b24d002a3f8cc2/images/eb/e8/ec/68/68ece8ebf9997854a410cc31/A90_EU01_120166_Cremmaet_Steam_Latte_Art_HL_02_6mgvqq.jpg,https://files.plytix.com/api/v1.1/file/public_files/pim/assets/3b/55/d9/62/62d9553be8b24d002a3f8cc2/images/f1/e8/ec/68/68ece8f16365ba169e78061b/A90_EU01_120166_Cremmaet_Steam_Latte_Art_HL_03_9r4fc2.jpg,https://files.plytix.com/api/v1.1/file/public_files/pim/assets/3b/55/d9/62/62d9553be8b24d002a3f8cc2/images/f5/e8/ec/68/68ece8f5eeb875b7c414c8ea/A90_EU01_120166_Cremmaet_Steam_Latte_Art_HL_04_rzx4uu.jpg,https://files.plytix.com/api/v1.1/file/public_files/pim/assets/3b/55/d9/62/62d9553be8b24d002a3f8cc2/images/fe/e8/ec/68/68ece8fe265d683dad0aa557/A90_EU01_120166_Cremmaet_Steam_Latte_Art_HL_05_69m2ko.jpg",,0,,1,new,0,0,0,0,0,0,0,0
16,900017,1,Cafeteras automáticas,"Depósito de 150 g de café con molinillo cónico integrado con 5 niveles de molienda. Depósito extraíble de agua con 1,1 L y de leche de 400 ml. Limpieza automática para mantenerla siempre a punto.",999,1,,1,,,,,A70_EU01_120170,A70_EU01_120170,Cecotec,Cecotec,B0GXKTC3JS,,,1,1,1,1,0,1,,,,,,,"Se adapta a todos los gustos, puedes personalizar y memorizar fácilmente la cantidad y la intensidad del café.. Sistema de rápido calentamiento por Thermoblock que garantiza un café perfecto en tan solo unos segundos. Incluye depósito de leche de 400ml.. Bomba de presión de 19 bares para conseguir la mejor crema y el máximo aroma en cada café.. La cafetera superautomática compacta prepara espressos y americanos de café en grano recién molido pulsando un botón gracias al sistema Plug&Play. 6 bebidas: Espresso, Americano, Cappuccino, Latte, Leche caliente, Agua caliente.. 8447562421331",,,,,,In Stock,,1,,,1,"https://files.plytix.com/api/v1.1/rn/public_files/pim/assets/3b/55/d9/62/62d9553be8b24d002a3f8cc2/images/1d/67/ee/68/68ee671d038a5c413428ef97/A90_EU01_120170_Cremmaet_Latte_Art_Mainimage_01_ekc4rz.png/A90_EU01_120170_Cremmaet_Latte_Art_Mainimage_01_ekc4rz.jpg?s=1000x1000&t=JPEG,https://files.plytix.com/api/v1.1/rn/public_files/pim/assets/3b/55/d9/62/62d9553be8b24d002a3f8cc2/images/29/62/62/68/68626229f416e9f1f4fffff8/A01_EU01_115412_Cremmaet_Latte_mainImage_02.png/A01_EU01_115412_Cremmaet_Latte_mainImage_02.jpg?s=1000x1000&t=JPEG,https://files.plytix.com/api/v1.1/rn/public_files/pim/assets/3b/55/d9/62/62d9553be8b24d002a3f8cc2/images/2e/62/62/68/6862622ea5da07dc442548f5/A01_EU01_115412_Cremmaet_Latte_mainImage_03.png/A01_EU01_115412_Cremmaet_Latte_mainImage_03.jpg?s=1000x1000&t=JPEG,https://files.plytix.com/api/v1.1/rn/public_files/pim/assets/3b/55/d9/62/62d9553be8b24d002a3f8cc2/images/8a/43/f8/69/69f8438a5be0eb3f5468826c/A70_EU01_120170_Cremmaet_Latte_Art_MainImage_04.png/A70_EU01_120170_Cremmaet_Latte_Art_MainImage_04.jpg?s=1000x1000&t=JPEG,https://files.plytix.com/api/v1.1/rn/public_files/pim/assets/3b/55/d9/62/62d9553be8b24d002a3f8cc2/images/8f/43/f8/69/69f8438f21442fb771d21f55/A70_EU01_120170_Cremmaet_Latte_Art_MainImage_05.png/A70_EU01_120170_Cremmaet_Latte_Art_MainImage_05.jpg?s=1000x1000&t=JPEG,https://files.plytix.com/api/v1.1/file/public_files/pim/assets/3b/55/d9/62/62d9553be8b24d002a3f8cc2/images/bb/7f/00/69/69007fbbbc666069749deea6/A90_EU01_120170_Cremmaet_Latte_HL_01_e19meu.jpg,https://files.plytix.com/api/v1.1/file/public_files/pim/assets/3b/55/d9/62/62d9553be8b24d002a3f8cc2/images/c4/7f/00/69/69007fc444cf6abc1273bf4d/A90_EU01_120170_Cremmaet_Latte_HL_02_B_jbjpuf.jpg,https://files.plytix.com/api/v1.1/file/public_files/pim/assets/3b/55/d9/62/62d9553be8b24d002a3f8cc2/images/ce/7f/00/69/69007fce44cf6abc1273bf51/A90_EU01_120170_Cremmaet_Latte_HL_03_i99xzb.jpg,https://files.plytix.com/api/v1.1/file/public_files/pim/assets/3b/55/d9/62/62d9553be8b24d002a3f8cc2/images/d9/7f/00/69/69007fd9d8b6c886de1c814d/A90_EU01_120170_Cremmaet_Latte_HL_04_g4x8cq.jpg,https://files.plytix.com/api/v1.1/file/public_files/pim/assets/3b/55/d9/62/62d9553be8b24d002a3f8cc2/images/e5/7f/00/69/69007fe5b5f5efeddc760b53/A90_EU01_120170_Cremmaet_Latte_HL_05_q6ed7y.jpg",,0,,1,new,0,0,0,0,0,0,0,0
17,900018,1,Jarras,,999,1,,1,,,,,4105,4105,Cecotec,Cecotec,B0BQ1C6FD5,,,1,1,1,1,0,1,,,,,,,"GRAN CAPACIDAD DE 3,3 LITROS: Olvídate de repetir elaboraciones. Gracias a su amplia capacidad máxima de hasta 3,3 litros, podrás cocinar raciones generosas para toda la familia o invitados de una sola vez.. REPUESTO CECOTEC: El uso de consumibles y accesorios originales asegura el ajuste perfecto y el mejor rendimiento de tu robot de cocina, manteniendo la eficiencia del motor y los sistemas de seguridad originales.. ACERO INOXIDABLE APTO PARA LAVAVAJILLAS: Fabricada en acero inoxidable de alta calidad, resistente y duradero. Su mantenimiento es extremadamente sencillo, ya que es totalmente apta para una limpieza rápida y eficaz en el lavavajillas.. COMPATIBILIDAD TOTAL MAMBO: Jarra de acero inoxidable diseñada para los robots de cocina Cecotec Mambo. Compatible con los modelos 7090, 8090, 8590, 9090, 9590, 10070, 10090, 12090 y 12090 Habana.. 8435484041058",,,,,,In Stock,,1,,,1,,,0,,1,new,0,0,0,0,0,0,0,0
18,900019,1,Robots aspiradores,,999,1,,1,,,,,5176,5176,Cecotec,Cecotec,B0BQ23NZJR,,,1,1,1,1,0,1,,,,,,,"Es aconsejable no manipular el producto mientras tenga la garantía vigente, ya que hacerlo implica su anulación.. La vida útil de los consumibles depende de sus condiciones de uso y limpieza; deben ser reemplazados cuando estén en mal estado.. Es importante realizar mantenimiento y un uso responsable del producto, para garantizar su correcto funcionamiento.. Cepillo central de cerdas y silicona conga 1290 gyro/1390 smartgyro. 8435484051767",,,,,,In Stock,,1,,,1,,,0,,1,new,0,0,0,0,0,0,0,0
19,900020,1,Cabezales de repuesto,,999,1,,1,,,,,A01_EU01_125067,A01_EU01_125067,Cecotec,Cecotec,B0GYNK84KD,,,1,1,1,1,0,1,,,,,,,". Compatibles con ToothCare Jet Splash UltraSonic.. Reminder Bristles. Al cambiar el color de las cerdas, indica que debes cambiar el propio cabezal.. 4 cabezales de recambio. Cabezales con cerdas hard.. 8447562169370",,,,,,In Stock,,1,,,1,,,0,,1,new,0,0,0,0,0,0,0,0
20,900021,1,Cabezales de repuesto,,999,1,,1,,,,,A01_EU01_125069,A01_EU01_125069,Cecotec,Cecotec,B0GYNHL8CP,,,1,1,1,1,0,1,,,,,,,". Compatibles con ToothCare UltraSonic PlatiniumSwing.. Reminder Bristles. Al cambiar el color de las cerdas, indica que debes cambiar el propio cabezal.. 10 cabezales de recambio. Cabezales con cerdas hard.. 8447562169394",,,,,,In Stock,,1,,,1,,,0,,1,new,0,0,0,0,0,0,0,0
21,900022,1,Batidoras de vaso individuales,DISEÑO PORTÁTIL Y COMPACTO: Su estructura ligera y resistente permite un transporte cómodo. Perfecto como vaso de repuesto o para que varios miembros de la familia puedan usar la misma batidora con sus recipientes individuales.,999,1,,1,,,,,A01_EU01_128648,A01_EU01_128648,Cecotec,Cecotec,B0GYTGJK26,,,1,1,1,1,0,1,,,,,,,"RESISTENTE Y APTO PARA LAVAVAJILLAS: Vaso de alta durabilidad diseñado para resistir el triturado de hielo y frutas congeladas. Su limpieza es rápida y sencilla, ya que es totalmente apto para el lavavajillas, facilitando tu rutina diaria.. LIBRE DE BPA: Fabricado con materiales de alta calidad y grado alimenticio, totalmente libres de BPA. Garantiza una alimentación saludable y sin transferencias de sabores ni tóxicos a tus bebidas.. CAPACIDAD MAXI DE 700 ML: El tamaño ideal para raciones generosas de smoothies, batidos de proteínas o zumos; con diseño ergonómico para un agarre fácil y perfecto para llevar al gimnasio, al trabajo o en el coche.. COMPATIBILIDAD TOTAL CON POWERTITANIUM: Accesorio oficial para la batidora individual PowerTitanium 1000 Push2Go. Asegura un ajuste perfecto y hermético para mantener el rendimiento de 1000W del motor.. 8447562263887",,,,,,In Stock,,1,,,1,,,0,,1,new,0,0,0,0,0,0,0,0
22,900023,1,Batidoras de vaso individuales,DISEÑO PORTÁTIL Y COMPACTO: Su estructura ligera y resistente permite un transporte cómodo. Perfecto como vaso de repuesto o para que varios miembros de la familia puedan usar la misma batidora con sus recipientes individuales.,999,1,,1,,,,,A01_EU01_128649,A01_EU01_128649,Cecotec,Cecotec,B0GYT4X6ZQ,,,1,1,1,1,0,1,,,,,,,"RESISTENTE Y APTO PARA LAVAVAJILLAS: Vaso de alta durabilidad diseñado para resistir el triturado de hielo y frutas congeladas. Su limpieza es rápida y sencilla, ya que es totalmente apto para el lavavajillas, facilitando tu rutina diaria.. LIBRE DE BPA: Fabricado con materiales de alta calidad y grado alimenticio, totalmente libres de BPA. Garantiza una alimentación saludable y sin transferencias de sabores ni tóxicos a tus bebidas.. CAPACIDAD IDEAL DE 550 ML: El tamaño compacto perfecto para raciones individuales de smoothies, batidos de proteínas o zumos. Su diseño ergonómico facilita el agarre y es ideal para llevarlo contigo al gimnasio, al trabajo o en el coche.. COMPATIBILIDAD TOTAL CON POWERTITANIUM: Accesorio oficial para la batidora individual PowerTitanium 1000 Push2Go. Asegura un ajuste perfecto y hermético para mantener el rendimiento de 1000W del motor.. 8447562263894",,,,,,In Stock,,1,,,1,,,0,,1,new,0,0,0,0,0,0,0,0
23,900024,1,Climatizadores evaporativos,"Muévelo de forma fácil. Equipado con ruedas multidireccionales, este climatizador es fácil de trasladar y posicionar en cualquier lugar, ofreciendo flexibilidad y comodidad en su uso. Ventilación uniforme y homogénea. La oscilación ajustable permite dirigir el flujo de aire a diferentes áreas, asegurando una distribución uniforme del aire fresco en todo el espacio.",999,1,,1,,,,,A01_EU01_129668,A01_EU01_129668,Cecotec,Cecotec,B0GY9691B5,,,1,1,1,1,0,1,,,,,,,"Potencia de 800 W para una potente corriente de aire que garantiza un funcionamiento prolongado.. Temporizador programable de hasta 12 horas que permite fijar el tiempo de funcionamiento. Ideal para usos prolongados sin supervisión constante.Intensidad a medida. Ajusta la intensidad del flujo de aire con sus 3 velocidades, permitiendo adaptar el climatizador a tus necesidades.. Incluye un mando a distancia que permite controlar el dispositivo desde cualquier lugar para mayor comodidad. La pantalla LED táctil muestra todas las configuraciones posibles y destaca las que se están utilizando en cada momento.. Funcionamiento prolongado. Gran depósito de agua de 150 litros para un uso continuo sin necesidad de recargas frecuentes. Ideal para entornos industriales. Ambiente fresco y ventilado en cualquier espacio. Con una capacidad de flujo de aire de 20000 m³/h, garantiza una ventilación eficaz y rápida. Rendimiento eficiente y constante.. 8447562298056",,,,,,In Stock,,1,,,1,"https://files.plytix.com/api/v1.1/rn/public_files/pim/assets/3b/55/d9/62/62d9553be8b24d002a3f8cc2/images/5d/71/f8/69/69f8715d2a3874204bfd1450/A01_EU01_129668_AirIndustry_150000_MainImage_01.png/A01_EU01_129668_AirIndustry_150000_MainImage_01.jpg?s=1000x1000&t=JPEG,https://files.plytix.com/api/v1.1/rn/public_files/pim/assets/3b/55/d9/62/62d9553be8b24d002a3f8cc2/images/64/71/f8/69/69f8716406d729bd9366ac29/A01_EU01_129668_AirIndustry_150000_MainImage_02.png/A01_EU01_129668_AirIndustry_150000_MainImage_02.jpg?s=1000x1000&t=JPEG,https://files.plytix.com/api/v1.1/rn/public_files/pim/assets/3b/55/d9/62/62d9553be8b24d002a3f8cc2/images/6a/71/f8/69/69f8716a06d729bd9366ac2a/A01_EU01_129668_AirIndustry_150000_MainImage_03.png/A01_EU01_129668_AirIndustry_150000_MainImage_03.jpg?s=1000x1000&t=JPEG",,0,,1,new,0,0,0,0,0,0,0,0
